address,groups,usdc_delta,spot_delta,flow_type,spot_increases,spot_decreases,spot_net_changes,spot_operations,perp_operations,current_perp_positions,current_spot_holdings
0xffffffffffffffffffffffffffffffffffffffff,money_printer,-1514.6267114998773,-17398086134.553223,USDC减少，疑似资金流出/买入,QUANT $62.51M 数量Δ=39.97K @ 1.56K,QONE -$11.51M 数量Δ=-40.65K @ 283.27,QUANT $62.51M 数量Δ=39.97K @ 1.56K；QONE -$11.51M 数量Δ=-40.65K @ 283.27,现货买入QUANT $62.51M 数量Δ=39.97K @ 1.56K；现货卖出QONE -$11.51M 数量Δ=-40.65K @ 283.27,-,-,NEKO $1388.66B 数量=23.48M；TRADE $401.76B 数量=99.97M；BRIDGE $20.10B 数量=5.00M
0x7a35bbc1de0b86e11aea964956807e08317f3803,smart_money,0.0,-1251918822.0424194,现货变化,-,-,-,-,-,-,NEKO $109.25B 数量=1.85M；MAX $11.43B 数量=1750.64M；RISK $8.69B 数量=113.37K
0x999510ad3dd8c94a6659d6401d983137565283e3,smart_money,62.284450840000005,-1019999617.1444677,USDC增加 + 现货减少，疑似卖出/转现金,-,MAX -$1.02B 数量Δ=-155.82M @ 6.5313,MAX -$1.02B 数量Δ=-155.82M @ 6.5313,现货卖出MAX -$1.02B 数量Δ=-155.82M @ 6.5313,-,-,BUDDY $115.96M 数量=1.59M；MAX $9.45K 数量=1.45K；HYPE $1.42K 数量=15.58K
0xe867fbdad3291530e41530301ecb77693850c78e,money_printer,0.0,-134999942.40258026,现货变化,-,-,-,-,-,-,MAX $65.31B 数量=10000.00M；KNTQ $71.90M 数量=2.00M；HYPE $41.10K 数量=450.00K
0x53e655101ea361537124ef814ad4e654b54d0637,smart_money,0.0,-68996195.21489716,现货变化,-,-,-,-,-,-,MAX $33.38B 数量=5110.83M；HYPE $465.36 数量=5.09K；USDE $0.02 数量=108.863
0x7dacca323e44f168494c779bb5e7483c468ef410,money_printer,-33769.93292700127,-58566158.877010345,USDC减少，疑似资金流出/买入,-,-,-,-,-,HYPE空 10x $4.41M cross 强平距=+296.27% 高杠杆短线型,MAX $28.33B 数量=4338.32M；WOW $288.11K 数量=4.51K；HYPE $29.93K 数量=327.67K
0x856c35038594767646266bc7fd68dc26480e910d,money_printer,50752.23137999885,-51705257.11958313,USDC增加 + 现货减少，疑似卖出/转现金,-,-,-,-,-,HYPE空 3x $3.14M cross 强平距=+170.73% 低杠杆长期型；LIT空 3x $2.96M cross 强平距=+172.96% 低杠杆长期型；XPL空 5x $887.00K cross 强平距=+578.09% 中杠杆趋势型,MAX $25.02B 数量=3830.02M；LATINA $36.56K 数量=36.56K；LICKO $546.03 数量=4.88K
0x939f95036d2e7b6d7419ec072bf9d967352204d2,money_printer,-287325.6220839992,-42059234.20149994,USDC减少，疑似资金流出/买入,-,-,-,-,-,HYPE空 5x $20.53M cross 强平距=+18.68% 中杠杆趋势型；BTC多 40x $12.34M cross 强平距=+34.72% 极高杠杆短线型；ETH多 25x $1.28M cross 极高杠杆短线型,MAX $20.35B 数量=3115.50M；HYPE $28.38K 数量=310.70K
0x4583f9b7a06ab8b5b7b4a7dd27e774356015d406,money_printer,0.0,-37434607.43503094,现货变化,-,-,-,-,-,-,NEKO $3.34B 数量=56.55K；WOW $22.22K 数量=347.556；HYPE $194.63 数量=2.13K
0x77375a8c9d13bf79afb2a87f1b0ac1dfd5f5bf66,money_printer,79658.4268110022,-35846382.909612656,USDC增加 + 现货减少，疑似卖出/转现金,-,-,-,-,-,LIT多 5x $8.24M cross 中杠杆趋势型；AAVE空 10x $7.96M cross 强平距=+202.31% 高杠杆短线型；WLD空 10x $2.88M cross 强平距=+559.74% 高杠杆短线型,MAX $15.21B 数量=2328.32M；NEKO $391.68M 数量=6.62K；KNTQ $116.09M 数量=3.23M
0xa906355beaf1d69a5fe73ce55899c49c6e67916c,money_printer,0.0,-33272850.587308884,现货变化,-,-,-,-,-,-,MAX $16.10B 数量=2464.69M；WOW $117.83K 数量=1.84K；LATINA $48.04K 数量=48.04K
0xa87a233e8a7d8951ff790a2e39738086cb5f71b7,money_printer,-32932.88696000166,-24896668.136188507,USDC减少，疑似资金流出/买入,-,-,-,-,-,HYPE空 5x $7.25M cross 强平距=+138.13% 中杠杆趋势型；SOL空 20x $2.58M cross 强平距=+394.85% 极高杠杆短线型；DOGE空 10x $487.60K cross 强平距=+2095.04% 高杠杆短线型,MAX $10.92B 数量=1672.51M；NEKO $207.27M 数量=3.50K；WOW $752.67K 数量=11.77K
0x469e9a7f624b04c24f0e64edf8d8a277e6bf58a5,money_printer,-86983.98913400061,-24770516.338134766,USDC减少，疑似资金流出/买入,-,-,-,-,-,HYPE空 10x $6.89M cross 强平距=+92.41% 高杠杆短线型；ZEC多 10x $3.86M cross 高杠杆短线型；JTO多 5x $1.17M cross 中杠杆趋势型,MAX $10.86B 数量=1663.01M；NEKO $207.27M 数量=3.50K；LATINA $29.70K 数量=29.70K
0xa312114b5795dff9b8db50474dd57701aa78ad1e,money_printer,-84952.71314300224,-23058628.106603622,USDC减少，疑似资金流出/买入,-,-,-,-,-,HYPE空 10x $13.31M cross 强平距=+55.64% 高杠杆短线型；PUMP空 10x $718.44K cross 强平距=+1038.36% 高杠杆短线型；kPEPE空 10x $426.92K cross 强平距=+1749.34% 高杠杆短线型,MAX $11.16B 数量=1708.07M；WOW $62.24K 数量=973.609；LATINA $33.52K 数量=33.52K
0x7fdafde5cfb5465924316eced2d3715494c517d1,money_printer,0.0,-23128892.456846237,现货变化,-,-,-,-,合约多单变化HYPE 5x -$1.36M,BTC多 20x $15.15M cross 强平距=+91.18% 极高杠杆短线型；ETH空 15x $7.75M cross 强平距=+173.19% 高杠杆短线型；XMR空 5x $5.68M cross 强平距=+220.08% 中杠杆趋势型,MAX $11.19B 数量=1713.25M；KNTQ $13.58M 数量=377.74K；LATINA $33.53K 数量=33.53K
0x4a95b86a8bd451534117d07672fa51fa89b9615b,smart_money,0.0,-19808525.97539711,现货变化,-,-,-,-,-,-,NEKO $1.77B 数量=29.92K；MAX $50.12K 数量=7.67K；LATINA $23.36K 数量=23.36K
0xba0898f80da916730912bb2c2a18b8d76bc8985c,smart_money,0.0,-19542926.919361115,现货变化,-,-,-,-,-,BTC多 3x $593.25K cross 强平距=+86.35% 低杠杆长期型,MAX $8.33B 数量=1275.78M；NEKO $207.27M 数量=3.50K；HYPE $11.65K 数量=127.58K
0xfc667adba8d4837586078f4fdcdc29804337ca06,money_printer,0.0,-19098054.530090332,现货变化,-,-,-,-,-,ETH多 20x $4.41M cross 极高杠杆短线型；HYPE多 5x $1.73M cross 中杠杆趋势型；BTC空 20x $1.07M cross 强平距=+845.51% 极高杠杆短线型,MAX $9.24B 数量=1414.67M；HYPE $46.58 数量=509.941；UETH $0.00 数量=0.999755
0x5f94a51948d2376ad34a6fadfa2544e651b74b96,money_printer,4319.496919998899,-18106144.572933197,USDC增加 + 现货减少，疑似卖出/转现金,-,-,-,-,-,WLFI空 5x $1.21M cross 强平距=+329.18% 中杠杆趋势型；LIT多 5x $1.05M cross 中杠杆趋势型；HYPE空 10x $982.21K cross 强平距=+425.70% 高杠杆短线型,MAX $8.76B 数量=1341.20M；USOL $4.59 数量=4.9917；HYPE $0.00 数量=7.3e-07
0xf8f3160d4d85c92cdf5fd59846923465cc1f2671,smart_money,0.0,-17844579.557647943,现货变化,-,-,-,-,-,-,NEKO $1.59B 数量=26.97K；BRIDGE $4.91M 数量=1.22K；WOW $1.79M 数量=27.95K
0xc69ae428f6049e78d445f053d2c1df879c59b34c,smart_money,8168.147759000014,-17289186.238576412,USDC增加 + 现货减少，疑似卖出/转现金,-,-,-,-,-,HYPE多 10x $511.39K cross 强平距=+40.38% 高杠杆短线型；LTC多 10x $340.00K cross 强平距=+60.67% 高杠杆短线型；SOL多 5x $291.89K cross 强平距=+68.91% 中杠杆趋势型,MAX $1.74B 数量=266.58M；NEKO $1.19B 数量=20.17K；BUDDY $275.27M 数量=3.77M
0x807a2e2e469df84b299da5f90f15dda4380daca1,money_printer,0.0,-17017179.955353737,现货变化,-,-,-,-,-,-,MAX $8.23B 数量=1260.53M；LATINA $55.57K 数量=55.57K；LICKO $719.39 数量=6.42K
0x4b66f4048a0a90fd5ff44abbe5d68332656b78b8,money_printer,0.0,-16520246.418159962,现货变化,-,-,-,-,-,-,NEKO $1.47B 数量=24.93K；BRIDGE $835.69M 数量=207.80K；MAX $7.19M 数量=1.10M
0x54fe014a1fb506ff3a00d863e6522f24e6edba47,smart_money,0.0,-14990749.453122616,现货变化,-,-,-,-,-,-,NEKO $1.34B 数量=22.64K；BRIDGE $800.98K 数量=199.17；LATINA $71.81K 数量=71.81K
0x007d76eec0ba411ce873a8819df50dd443d967a0,money_printer,121065.51905200072,-14062868.192994118,USDC增加 + 现货减少，疑似卖出/转现金,-,-,-,-,-,HYPE空 10x $7.02M cross 强平距=+76.84% 高杠杆短线型；TRUMP空 10x $393.87K cross 强平距=+1371.94% 高杠杆短线型；SUI空 10x $342.48K cross 强平距=+1579.58% 高杠杆短线型,MAX $6.80B 数量=1041.69M；LATINA $107.36K 数量=107.36K；FEUSD $23.61K 数量=23.64K
0x45d26f28196d226497130c4bac709d808fed4029,money_printer,73371.85277399793,-13913342.886766434,USDC增加 + 现货减少，疑似卖出/转现金,-,-,-,-,-,HYPE空 10x $27.77M cross 强平距=+61.48% 高杠杆短线型；ETH空 20x $7.88M cross 强平距=+232.07% 极高杠杆短线型；BTC空 20x $6.10M cross 强平距=+302.34% 极高杠杆短线型,MAX $6.73B 数量=1030.69M；WOW $337.16K 数量=5.27K；LATINA $76.18K 数量=76.18K
0x3dc908374e11623d8eb9f07dfc7a2e5e803a54b0,money_printer,443494.7178840004,-13463000.718457222,USDC增加 + 现货减少，疑似卖出/转现金,-,-,-,-,-,HYPE空 10x $4.49M cross 强平距=+144.65% 高杠杆短线型；AAVE空 10x $2.70M cross 强平距=+240.36% 高杠杆短线型；LINK空 10x $2.49M cross 强平距=+260.75% 高杠杆短线型,MAX $6.51B 数量=997.26M；HYPE $8.92K 数量=97.66K
0x6ba889db7f923622d3548f621ecc2054b80c1817,smart_money,0.0,-13582017.123645782,现货变化,-,-,-,-,-,DOGE多 10x $50.54K cross 高杠杆短线型；ADA空 10x $45.75K cross 强平距=+314.59% 高杠杆短线型；ETH空 20x $44.37K cross 强平距=+334.44% 极高杠杆短线型,MAX $6.57B 数量=1006.07M；LATINA $33.53K 数量=33.53K；PURR $791.26 数量=9.46K
0x484bc1608211d0604bf70bae72792a56884562f8,smart_money,-25.620673999990686,-13521611.893835068,USDC减少，疑似资金流出/买入,-,-,-,-,-,FET多 5x $1.84K cross 中杠杆趋势型,MAX $6.54B 数量=1001.60M；HYPE $0.18 数量=2
0xd282232463d50d54ccbccf0edc5c7562ae47c1e7,money_printer,0.0,-13500096.348813057,现货变化,-,-,-,-,-,-,MAX $6.53B 数量=1000.01M；HYPE $0.06 数量=0.640828；UENA $0.00 数量=188.387
0xe0cc85525563dadd56fdcd96581f7b587a2b2411,money_printer,0.0,-13490710.165986776,现货变化,-,-,-,-,-,-,NEKO $1.21B 数量=20.38K
0x399965e15d4e61ec3529cc98b7f7ebb93b733336,smart_money,9076.000418559997,-13241580.130069733,USDC增加 + 现货减少，疑似卖出/转现金,BASED $674.31K 数量Δ=941.534 @ 716.18,UPUMP -$31.70K 数量Δ=-289.44K @ 0.10951；UXPL -$11.68K 数量Δ=-6.81K @ 1.715,BASED $674.31K 数量Δ=941.534 @ 716.18；UPUMP -$31.70K 数量Δ=-289.44K @ 0.10951；UXPL -$11.68K 数量Δ=-6.81K @ 1.715,现货买入BASED $674.31K 数量Δ=941.534 @ 716.18,-,-,MAX $6.71B 数量=1027.63M；BASED $19.21M 数量=26.82K；UPUMP $405.11K 数量=3.70M
0xfb941d2344b72ea9101400392b818173772d0ddf,money_printer,-7475.704785999842,-13096199.831763268,USDC减少，疑似资金流出/买入,-,-,-,-,-,SOL多 20x $2.78M cross 极高杠杆短线型；XPL多 10x $2.21M cross 高杠杆短线型；NEAR多 10x $1.45M cross 高杠杆短线型,MAX $5.43B 数量=831.01M；SWAP $74.72M 数量=830.64K；LATINA $73.70K 数量=73.70K
0xfcb01354e18ca1cc0eee89ca3459ef84daa2e0b6,smart_money,0.0,-12964891.418377161,现货变化,-,-,-,-,-,-,NEKO $1.16B 数量=19.59K；KNTQ $202.82K 数量=5.64K；WOW $121.31K 数量=1.90K
0x77746ff04a7014752ab12d81d531aa5e50775343,smart_money,-798.4032519999892,-12176734.24792862,USDC减少，疑似资金流出/买入,-,-,-,-,-,HYPE空 10x $256.01K cross 强平距=+93.26% 高杠杆短线型,MAX $5.89B 数量=901.98M；LATINA $39.58K 数量=39.58K；LICKO $224.02 数量=2.00K
0x9475e4bfdfadb5cf4ce7cf805044c0db5a8a6f8e,smart_money,-10483.214625999997,-11959566.980518341,USDC减少，疑似资金流出/买入,-,-,-,-,-,BTC多 40x $800.48K isolated 强平距=+2.24% 爆仓边缘型,MAX $5.79B 数量=885.89M；HYPE $7.94K 数量=86.98K
0x47a127f496d001f187ac65fc24852274dc51d080,money_printer,-4808.811142000137,-10488010.152346611,USDC减少，疑似资金流出/买入,-,-,-,-,-,ETH多 6x $864.27K cross 中高杠杆型,MAX $5.07B 数量=776.90M；WOW $22.40K 数量=350.341；HYPE $2.32K 数量=25.42K
0x8af700ba841f30e0a3fcb0ee4c4a9d223e1efa05,money_printer,62144.32081500068,-10051936.38876915,USDC增加 + 现货减少，疑似卖出/转现金,-,-,-,-,-,ZEC多 5x $6.19M cross 中杠杆趋势型；ETH多 25x $4.76M cross 极高杠杆短线型；BTC多 40x $2.44M cross 极高杠杆短线型,MAX $4.86B 数量=744.51M；PURR $59.77K 数量=714.59K；LATINA $41.47K 数量=41.47K
0x3a94ec43996178f7013988358f58baf18a4cc707,smart_money,-3928.2067210000096,-10060206.74953556,USDC减少，疑似资金流出/买入,-,-,-,-,-,LIT多 5x $169.51K cross 强平距=+43.97% 中杠杆趋势型；PURR多 3x $57.44K cross 低杠杆长期型,NEKO $898.68M 数量=15.19K；BRIDGE $29.42M 数量=7.32K；PERP $3.70M 数量=3.70M
0x0ec6b3ae9a6cb7074542dffe9c8af7cdbcc4a016,smart_money,0.0,-9929996.965746641,现货变化,-,-,-,-,-,-,NEKO $887.17M 数量=15.00K；WOW $695.29 数量=10.8755；MEOW $0.29 数量=22.0951
0x7be1cba648ebe1ab8084244d23f28d68a86480d8,money_printer,0.0,-9727951.642443657,现货变化,-,-,-,-,-,-,MAX $4.71B 数量=720.59M；HYPE $10.59K 数量=115.94K；LICKO $270.56 数量=2.42K
0x2a29762f188eacd2217313a62642b1fb24d14d9c,smart_money,-79458.25793700013,-8410417.361480713,USDC减少，疑似资金流出/买入,-,-,-,-,-,HYPE多 2x $0.64 isolated 强平距=+68.19% 低杠杆长期型,NEKO $751.41M 数量=12.70K；MAX $65.31K 数量=10.00K；BASED $56.21K 数量=78.4841
0xc926ddba8b7617dbc65712f20cf8e1b58b8598d3,money_printer,0.0,-8462315.578051567,现货变化,-,-,-,-,-,HYPE多 10x $13.83K cross 高杠杆短线型,MAX $4.09B 数量=626.79M；PURR $36.78K 数量=439.74K；LATINA $34.71K 数量=34.71K
0x57febe9bf4cc255b4ac72c6fdb52a19a059a9ef0,smart_money,0.0,-8196686.112689495,现货变化,-,-,-,-,-,-,MAX $3.97B 数量=607.16M；HYPE $2.74K 数量=30.00K；NEIRO $17.56 数量=675.63
0xf55f10b83bdb21d5f6b7449d4ea3589a8ae30d3a,smart_money,-1861.6662482700194,-7945720.48817277,USDC减少，疑似资金流出/买入,-,-,-,-,-,HYPE多 10x $512.97K cross 强平距=+59.85% 高杠杆短线型；LIT多 5x $33.94K cross 中杠杆趋势型,NEKO $709.74M 数量=12.00K；MAX $837.76K 数量=128.27K；WOW $2.55K 数量=39.9336
0xb1231a4a2dd02f2276fa3c5e2a2f3436e6bfed23,smart_money,1835.4420959999989,-7801510.9862930775,USDC增加 + 现货减少，疑似卖出/转现金,-,-,-,-,-,-,NEKO $697.01M 数量=11.78K；LATINA $67.58K 数量=67.58K；MAX $18.89K 数量=2.89K
0xac04753928961a06af540078410802cc443f5176,money_printer,-43338.653779000044,-7644739.862232208,USDC减少，疑似资金流出/买入,-,-,-,-,-,HYPE多 3x $3.77M isolated 强平距=+70.26% 低杠杆长期型,MAX $3.70B 数量=566.28M；UPUMP $11.18M 数量=102.13M；HYPE $0.00 数量=2.6e-07
0x627b21c82c46b349e053048659eb52c52e4bc007,smart_money,0.0,-7645009.5799303055,现货变化,-,-,-,-,-,-,MAX $3.70B 数量=566.30M；HYPE $0.00 数量=0.00058717
0xa237f4cc7bbc930fd531b1a36f31e54f778fc431,smart_money,0.0,-7287236.963208199,现货变化,-,-,-,-,-,-,MAX $2.40B 数量=367.96M；NEKO $207.27M 数量=3.50K；BRIDGE $4.95M 数量=1.23K
0x5cfd4e2c982a66b32120e43b016f29c21cbe9b7b,smart_money,2891.0505140000023,-7245753.679431677,USDC增加 + 现货减少，疑似卖出/转现金,-,-,-,-,-,BTC空 15x $299.42K isolated 强平距=+6.11% 爆仓边缘型,MAX $623.01M 数量=95.39M；NEKO $532.30M 数量=9.00K；LATINA $30.29K 数量=30.29K
0x0320e2787d5c62a4a81f219dfb3c5abdf6265362,money_printer,0.0,-6935113.308933258,现货变化,-,-,-,-,-,-,MAX $3.36B 数量=513.72M；HFUN $24.17K 数量=2.45K；LICKO $418.08 数量=3.73K
0x4101ce19ee81f24da894976e585f1e79119dbd93,smart_money,2665.501734999998,-6913115.61672318,USDC增加 + 现货减少，疑似卖出/转现金,-,-,-,-,-,HYPE多 6x $114.36K cross 中高杠杆型；BTC多 20x $59.12K cross 极高杠杆短线型；ETH空 10x $35.95K cross 强平距=+639.63% 高杠杆短线型,NEKO $542.15M 数量=9.17K；MAX $408.80M 数量=62.59M；BRIDGE $240.69K 数量=59.85
0xc846e513f1fb448e744d5c8e911e87bccc0dfb20,smart_money,-13992.043913990026,-6896145.498238087,USDC减少，疑似资金流出/买入,-,-,-,-,-,-,MAX $3.34B 数量=510.83M；HYPE $913.34 数量=10.00K
0x162cc7c861ebd0c06b3d72319201150482518185,money_printer,0.0,-6551387.6643099785,现货变化,-,-,-,-,-,-,MAX $3.17B 数量=485.29M；LATINA $460.35K 数量=460.35K；MON $1.15K 数量=38.65K
0xf191539a2c4ba0af951438bb6abfa0625c7df2ef,smart_money,592.8146120000165,-6527020.790817261,USDC增加 + 现货减少，疑似卖出/转现金,-,-,-,-,-,HYPE多 10x $80.08K cross 高杠杆短线型；ETH空 25x $7.82K cross 强平距=+3475.44% 极高杠杆短线型,MAX $2.04B 数量=311.65M；NEKO $207.27M 数量=3.50K；KNTQ $131.49K 数量=3.66K
0xeb432905497d9ed2f0a8a9aac9053a0108746c1a,money_printer,0.0,-6428846.281907678,现货变化,-,-,-,-,-,-,NEKO $562.14M 数量=9.50K；MAX $66.24M 数量=10.14M；BRIDGE $253.16K 数量=62.95
0x0ce048fe42c170e41740ee392e187f19515f339d,smart_money,800.2657489999547,-6290002.824117422,USDC增加 + 现货减少，疑似卖出/转现金,-,-,-,-,-,HYPE空 5x $96.03K cross 强平距=+238.28% 中杠杆趋势型；BTC空 10x $88.79K cross 强平距=+266.96% 高杠杆短线型；PUMP空 3x $28.16K cross 强平距=+813.80% 低杠杆长期型,MAX $960.14M 数量=147.01M；NEKO $384.70M 数量=6.50K；BRIDGE $527.07K 数量=131.06
0x05e70979fd3355133f91fc7c6597a8274169b3be,smart_money,411.0111329999927,-6081778.278290153,USDC增加 + 现货减少，疑似卖出/转现金,-,-,-,-,-,XPL多 10x $178.54K cross 强平距=+63.81% 高杠杆短线型；BTC多 20x $118.38K cross 强平距=+92.27% 极高杠杆短线型；ZEC多 5x $49.75K cross 中杠杆趋势型,NEKO $542.15M 数量=9.17K；MAX $6.59M 数量=1.01M；UXPL $423.26 数量=246.8
0x6891ed9ee6a9d0649ffac2bcee814e6899a0e075,smart_money,0.0,-5677044.42337656,现货变化,-,-,-,-,-,-,MAX $2.75B 数量=420.52M；KNTQ $9.52M 数量=264.77K；WOW $113.56K 数量=1.78K
0x0131f07e8d7fc4bceed532120e08fa591a9af04f,smart_money,0.0,-5597792.006962776,现货变化,-,-,-,-,-,-,MAX $2.71B 数量=414.65M；HYPE $1.89K 数量=20.73K
0xdbbdee771e62ab57894e8b8bdefbe094d3135ddd,smart_money,1690.3229153599823,-5321846.724803448,USDC增加 + 现货减少，疑似卖出/转现金,-,-,-,-,-,-,MAX $2.57B 数量=394.21M；HYPE $577.94 数量=6.33K；LICKO $0.01 数量=0.0676156
0x413c7a0a3489563350219bc96965a7da02f0fffc,smart_money,-7661.276134999993,-4552691.796417236,USDC减少，疑似资金流出/买入,-,-,-,-,-,FARTCOIN多 10x $153.68K isolated 强平距=+13.92% 高杠杆短线型；HYPE多 5x $92.43K isolated 强平距=+22.02% 中杠杆趋势型；WIF多 5x $78.37K isolated 强平距=+13.90% 中杠杆趋势型,MAX $2.20B 数量=337.24M；BRIDGE $153.54K 数量=38.18；LICKO $6.83 数量=61.0074
0xa4beb4fbe651b00bc16d472e2e1aa1c26b3d90aa,smart_money,0.0,-4163381.529162705,现货变化,-,-,-,-,-,-,NEKO $354.87M 数量=6.00K；MAX $92.51M 数量=14.16M；HWAVE $20.41K 数量=3.12K
0xb632c6580173a16154f17cdafc6eb27e95cf73b7,money_printer,-53888.616740999976,-4050000.9000451565,USDC减少，疑似资金流出/买入,-,-,-,-,-,BTC多 4x $4.73M cross 强平距=+27.50% 中杠杆趋势型,MAX $1.96B 数量=300.00M；HYPE $4.11K 数量=45.00K
0xe5250bf1ee0d01c54866702b3e4a12a57939693d,smart_money,-698.6383900299988,-4073846.181802571,USDC减少，疑似资金流出/买入,-,-,-,-,-,BTC多 40x $59.27K cross 极高杠杆短线型,NEKO $363.97M 数量=6.15K；BRIDGE $321.73 数量=0.08；HWAVE $3.58 数量=0.548115
0x51f3a19c1dfd8d7fe670e43ce0f66648789c8b34,smart_money,-7848.0243770000525,-4060220.093572378,USDC减少，疑似资金流出/买入,-,-,-,-,-,HYPE空 8x $1.92M cross 强平距=+99.03% 中高杠杆型,MAX $1.96B 数量=300.76M；HYPE $6.91 数量=75.7044
0x2ed8e7d874453b1136d54d84022200ec48172116,money_printer,0.0,-4049222.537062645,现货变化,-,-,-,-,-,-,MAX $837.10M 数量=128.17M；NEKO $207.27M 数量=3.50K；WOW $219.38K 数量=3.43K
0xd10e2b1b66001bd4086d61e43e836ab9c168fd9a,smart_money,-621.0741380000254,-3971999.6975889206,USDC减少，疑似资金流出/买入,-,-,-,-,-,GRASS多 2x $18.05K cross 低杠杆长期型,NEKO $354.87M 数量=6.00K；HYPE $1.19K 数量=13.00K；WOW $69.30 数量=1.08391
0xfd97600ac44b3c4e20ac1a5f23e3b18d10fa5912,money_printer,0.0,-3972032.3527849913,现货变化,-,-,-,-,-,-,NEKO $354.87M 数量=6.00K；MAX $15.65K 数量=2.40K；LATINA $842.70 数量=842.703
0x6b40177431bb4d710f047f163442dbe5b6e8f775,smart_money,-394.2866309999954,-3879401.106318176,USDC减少，疑似资金流出/买入,-,-,-,-,-,-,NEKO $346.60M 数量=5.86K；KNTQ $480.71K 数量=13.37K；BUDDY $37.26 数量=0.50989
0x35f13dc71426d4a429cf8bad69c4b39abbbf9896,smart_money,0.0,-3808737.954094887,现货变化,-,-,-,-,-,-,MAX $720.30M 数量=110.28M；NEKO $207.27M 数量=3.50K；WOW $6.32K 数量=98.8143
0x54069d1a01434813617e09b9426b03971c0ce123,smart_money,-2465.4822130000102,-3748225.352115333,USDC减少，疑似资金流出/买入,-,-,-,-,-,FARTCOIN空 10x $28.85K cross 强平距=+254.38% 高杠杆短线型；MEGA空 3x $8.34K cross 强平距=+793.93% 低杠杆长期型；ZRO空 5x $6.88K cross 强平距=+1008.47% 中杠杆趋势型,NEKO $334.88M 数量=5.66K；LICKO $0.01 数量=0.12628
0x6361d059ce1d9f49991dc7410972d3ad7b698773,smart_money,-59.52057700000114,-3748224.100839436,USDC减少，疑似资金流出/买入,-,-,-,-,-,BTC多 20x $4.43K cross 极高杠杆短线型,NEKO $334.88M 数量=5.66K；WOW $286.73 数量=4.48486；MEOW $0.12 数量=9.11167
0x2396bc99feedc162af809314257571bb7ff07a36,smart_money,0.0,-3748225.352115333,现货变化,-,-,-,-,-,-,NEKO $334.88M 数量=5.66K；LICKO $0.03 数量=0.229489；HYPE $0.00 数量=0.00181919
0xc8ff61f572ca7bc4ceb624f38f06c053b93496a5,smart_money,0.0,-3748225.352115333,现货变化,-,-,-,-,-,-,NEKO $334.88M 数量=5.66K；USOL $0.45 数量=0.492142；USDE $0.00 数量=2.78894
0xae78adaba70f18c15418001263504af373884520,smart_money,-89530.7406134,-3654362.488875866,USDC减少，疑似资金流出/买入,-,-,-,-,-,HYPE空 10x $937.65K cross 强平距=+156.33% 高杠杆短线型,MAX $1.77B 数量=270.71M；WOW $11.47K 数量=179.401；HYPE $1.58K 数量=17.26K
0x9279737f23ea2c30820b61eba072002a405a526f,smart_money,0.0,-3700522.961005211,现货变化,-,-,-,-,-,-,MAX $668.42M 数量=102.34M；NEKO $207.27M 数量=3.50K；WOW $280.60K 数量=4.39K
0x64b2627e0c33b44d5a78ca2b5289abd0c306a5de,smart_money,0.0,-3638542.832277298,现货变化,-,-,-,-,-,-,MAX $1.76B 数量=269.52M；HYPE $0.00 数量=1.2e-07
0x2306ce07ddca3829cdb1a2a14653dbefc211a9f1,smart_money,-930.7053264599999,-3625548.0557693243,USDC减少，疑似资金流出/买入,-,-,-,-,-,-,MAX $793.28M 数量=121.46M；NEKO $177.44M 数量=3.00K；LATINA $134.97K 数量=134.97K
0x1e771e1b95c86491299d6e2a5c3b3842d03b552e,money_printer,71066.00046299957,-3549371.3223264217,USDC增加 + 现货减少，疑似卖出/转现金,-,-,-,-,-,HYPE空 4x $1.50M cross 强平距=+135.13% 中杠杆趋势型；XPL多 10x $157.79K cross 高杠杆短线型；DOGE空 10x $55.27K cross 强平距=+3677.23% 高杠杆短线型,MAX $1.72B 数量=262.92M；KNTQ $40.42M 数量=1.12M；LATINA $151.21K 数量=151.21K
0x053ab16a247321e312f3a8a2a0a8abda48707241,smart_money,4236.505754000042,-3584052.3976943493,USDC增加 + 现货减少，疑似卖出/转现金,-,-,-,-,-,-,MAX $1.73B 数量=265.49M；LATINA $31.40K 数量=31.40K；HYPE $986.94 数量=10.80K
0x615d54d75193c93f28166adcf7b615d5d47b4dbe,smart_money,2066.5409350000555,-3557351.6575124264,USDC增加 + 现货减少，疑似卖出/转现金,-,-,-,-,-,HYPE多 10x $388.04K cross 高杠杆短线型,MAX $1.72B 数量=263.51M；LATINA $48.10K 数量=48.10K；HYPE $2.41K 数量=26.35K
0xc7f94fb3b3ba614b9b2bf80697ab5a31917005a2,money_printer,0.0,-3427383.0736801624,现货变化,-,-,-,-,-,HYPE空 10x $733.18K cross 强平距=+184.02% 高杠杆短线型；ZEC空 5x $365.37K cross 强平距=+370.07% 中杠杆趋势型；XMR空 5x $309.77K cross 强平距=+420.00% 中杠杆趋势型,MAX $1.66B 数量=253.88M；HYPE $2.20K 数量=24.07K；USDE $0.00 数量=0.682341
0x7eb9026d0183942458bd4660371c3cc0a2df3beb,money_printer,-51084.693834000034,-3375000.0431933403,USDC减少，疑似资金流出/买入,-,-,-,-,-,BTC多 4x $5.34M isolated 强平距=+30.03% 中杠杆趋势型,MAX $1.63B 数量=250.00M；HYPE $3.20K 数量=35.00K
0x088cc6048f04dc01fb00e90421911b362e758e70,smart_money,0.0,-3206519.6794456244,现货变化,-,-,-,-,-,CAKE多 3x $5.67K cross 低杠杆长期型；PENGU多 3x $5.09K cross 低杠杆长期型；BNB多 3x $5.07K cross 低杠杆长期型,NEKO $286.01M 数量=4.84K；MAX $3.69M 数量=564.87K；WOW $538.19K 数量=8.42K
0x4fe2e743da6e8d1aa0c9ed5489d8c2c9b5f96c87,smart_money,0.15354771000420442,-3069710.1179978848,USDC增加 + 现货减少，疑似卖出/转现金,-,-,-,-,-,-,MAX $362.77M 数量=55.54M；NEKO $207.27M 数量=3.50K；WOW $13.04K 数量=204.013
0xf818074d013f376b860c02f0ad2bf98b12139489,smart_money,4308.083579999977,-2955811.506914258,USDC增加 + 现货减少，疑似卖出/转现金,-,-,-,-,-,HYPE多 5x $353.15K cross 强平距=+82.13% 中杠杆趋势型；ETH空 5x $352.24K cross 强平距=+76.70% 中杠杆趋势型,MAX $307.64M 数量=47.10M；NEKO $207.27M 数量=3.50K；LATINA $16.27K 数量=16.27K
0x13a0833e8201b37c161feb2df764159707f71409,smart_money,-1198.7390390000073,-2892784.1089684963,USDC减少，疑似资金流出/买入,-,-,-,-,-,HYPE空 10x $336.67K cross 强平距=+62.55% 高杠杆短线型,MAX $1.40B 数量=214.28M；HYPE $268.13 数量=2.94K；TIME $0.00 数量=0.466667
0x3c516f085e94177eaf0bdfb5b5eb1ab71052d064,smart_money,0.0,-2844631.555221498,现货变化,-,-,-,-,-,-,NEKO $254.15M 数量=4.30K；BRIDGE $265.59K 数量=66.04；WOW $96.79 数量=1.51399
0x34c6d41c5f78f7ccdf1b05ef7cb7c868ac5a6b0c,smart_money,-524.1288980001118,-2841192.0951430798,USDC减少，疑似资金流出/买入,-,-,-,-,-,-,MAX $1.37B 数量=210.46M；UXPL $256.28K 数量=149.44K；HYPE $730.79 数量=8.00K
0x0423b4b2acb4f219ae4a270abd5dde2360e455bb,smart_money,-3207.0103989999043,-2822179.674635172,USDC减少，疑似资金流出/买入,-,-,-,-,-,HYPE多 5x $574.39K cross 中杠杆趋势型,MAX $1.37B 数量=209.05M；HYPE $1.92K 数量=21.00K；USOL $418.46 数量=454.76
0x1d207624c9466376e345310580c300611f3e0b20,smart_money,0.0,-2801747.218577385,现货变化,-,-,-,-,-,ANIME空 3x $1.48K cross 强平距=+154.97% 低杠杆长期型；IOTA多 3x $287.34 cross 低杠杆长期型；kNEIRO多 3x $28.59 cross 低杠杆长期型,MAX $1.36B 数量=207.55M；WOW $47.10K 数量=736.696；LATINA $36.56K 数量=36.56K
0x4916efbf56bcaea1130b2a631f6f093095f614a2,smart_money,583.2355900000548,-2794573.4180583954,USDC增加 + 现货减少，疑似卖出/转现金,-,-,-,-,-,HYPE多 10x $674.32K cross 高杠杆短线型；AZTEC多 3x $45.69K cross 低杠杆长期型,MAX $1.35B 数量=207.01M；HYPE $1.89K 数量=20.70K
0x8a3cf3c4b300be69429cce5beb2ef14d7200b6b7,money_printer,50692.2788130003,-2726062.8909898996,USDC增加 + 现货减少，疑似卖出/转现金,-,-,-,-,-,HYPE多 10x $6.22M cross 强平距=+25.40% 高杠杆短线型,NEKO $207.27M 数量=3.50K；MAX $196.49M 数量=30.08M；LATINA $23.80K 数量=23.80K
0x202486b34776b26b474aedb348658aaab5d2dff4,money_printer,0.0,-2751321.675503075,现货变化,-,-,-,-,-,-,NEKO $233.69M 数量=3.95K；MAX $66.74M 数量=10.22M；BRIDGE $5.86M 数量=1.46K
0x90dbb196cacf24bd212b377a0dd62eaad5e8151b,money_printer,49950.1015650006,-2700001.5327727795,USDC增加 + 现货减少，疑似卖出/转现金,-,-,-,-,-,HYPE多 10x $8.00M cross 强平距=+87.58% 高杠杆短线型,MAX $1.31B 数量=200.00M
0x99967871e6c4f9a5185abc57edede9e9540191f6,money_printer,-380334.25538000045,-2340697.2121067643,USDC减少，疑似资金流出/买入,-,-,-,-,-,-,NEKO $207.27M 数量=3.50K；MAX $10.05M 数量=1.54M；LATINA $33.57K 数量=33.57K
0x6859da14835424957a1e6b397d8026b1d9ff7e1e,money_printer,15827.824528300203,-2696363.157389879,USDC增加 + 现货减少，疑似卖出/转现金,UXPL $37.93K 数量Δ=22.12K @ 1.715；UPUMP $215.72K 数量Δ=1.97M @ 0.10951,-,UXPL $37.93K 数量Δ=22.12K @ 1.715；UPUMP $215.72K 数量Δ=1.97M @ 0.10951,-,-,BTC空 35x $4.72M cross 强平距=+48.33% 极高杠杆短线型；HYPE空 10x $1.14M cross 强平距=+192.27% 高杠杆短线型；ETH空 25x $1.13M cross 强平距=+199.28% 极高杠杆短线型,MAX $1.42B 数量=217.38M；UPUMP $7.14M 数量=65.18M；UXPL $3.29M 数量=1.92M
0x0572f1f5d55ea4838c2e65cf948c960de216690a,smart_money,0.0,-2705023.9792835712,现货变化,-,-,-,-,-,-,NEKO $207.27M 数量=3.50K；MAX $186.32M 数量=28.53M；WOW $6.65K 数量=104.015
0x30a712758896b443d447f486737b91b54161e64f,smart_money,-1196.3027650000004,-2645832.970438242,USDC减少，疑似资金流出/买入,-,-,-,-,-,ETHFI多 5x $69.18K cross 强平距=+23.83% 中杠杆趋势型,RISK $1.74B 数量=22.65K；NEKO $236.95M 数量=4.01K；TILT $7.89M 数量=7.89M
0x0748e296e5a350ec36c8487a1cea406e1b57d4b2,money_printer,-84263.11261499953,-2562276.5140554905,USDC减少，疑似资金流出/买入,-,-,-,-,-,HYPE多 10x $1.91M cross 高杠杆短线型；AAVE多 10x $1.83M cross 高杠杆短线型；SOL多 20x $1.46M cross 极高杠杆短线型,MAX $1.24B 数量=189.80M；UPUMP $87.60M 数量=799.90M；WOW $6.81K 数量=106.461
0x2e2e76c5e1d91a78ec41672da4640620d88a1c50,smart_money,-5496.252324000001,-2631258.7185907066,USDC减少，疑似资金流出/买入,-,-,-,-,-,HYPE多 8x $127.95K cross 中高杠杆型；BTC多 40x $46.14K cross 极高杠杆短线型,NEKO $207.27M 数量=3.50K；MAX $13.77M 数量=2.11M；SWAP $11.26M 数量=125.18K
0x329c787b163a730bd7900df2beb3ff4fe4670375,smart_money,-459.6008150000125,-2634159.791600585,USDC减少，疑似资金流出/买入,-,-,-,-,-,HYPE空 10x $64.06K cross 强平距=+98.78% 高杠杆短线型,NEKO $207.27M 数量=3.50K；MAX $152.02M 数量=23.28M；HYPE $91.35 数量=1.00K
0x24fb6523036ebcb3cc51deff138066dccf6bed0f,smart_money,200724.6181340001,-2352709.448685229,USDC增加 + 现货减少，疑似卖出/转现金,-,-,-,-,-,ETH多 15x $3.80M cross 强平距=+38.62% 高杠杆短线型；PAXG多 5x $321.38K cross 中杠杆趋势型；BTC多 16x $236.70K cross 高杠杆短线型,NEKO $207.27M 数量=3.50K；MAX $15.86M 数量=2.43M；LICKO $79.21 数量=707.226
0x47807d3f6ae34ff6aa1fc8fe4e7b742197c1e125,smart_money,5133.677189999988,-2532919.592398405,USDC增加 + 现货减少，疑似卖出/转现金,-,-,-,-,-,HYPE多 10x $136.55K cross 强平距=+66.79% 高杠杆短线型；ETH空 20x $46.02K cross 强平距=+184.07% 极高杠杆短线型；DOT空 10x $45.84K cross 强平距=+178.87% 高杠杆短线型,MAX $1.23B 数量=187.62M；VAULT $0.01 数量=0.215066；USOL $0.00 数量=0.00126271
0x5efc5eaa41ebfefcc122e7600d3ac81549b6dd8d,smart_money,0.0,-2527966.2495815754,现货变化,-,-,-,-,-,-,NEKO $207.27M 数量=3.50K；MAX $100.69M 数量=15.42M；LATINA $23.38K 数量=23.38K
0x30fabf0754da17f6c8eca338ddd3581eb911fa11,money_printer,0.0,-2484009.6682853997,现货变化,-,-,-,-,-,-,NEKO $221.79M 数量=3.75K；KNTQ $14.09M 数量=392.07K；MAX $730.38K 数量=111.83K
0x054f7d23e621503036ba8ca7004ca20c29b6c9a1,money_printer,0.0,-2445455.930288881,现货变化,-,-,-,-,-,-,NEKO $218.48M 数量=3.69K；BRIDGE $1.37M 数量=339.51；LUCKY $299.91K 数量=2.24M
0xfe6882837b95cb94ff35867c87bd8fde8cb347f2,smart_money,0.0,-2418411.8203484416,现货变化,-,-,-,-,-,-,NEKO $207.27M 数量=3.50K；MAX $47.60M 数量=7.29M；PURR $6.11K 数量=73.01K
0x3e781befd071c59d820725f70ce109298f750706,smart_money,-262.2850671699998,2374643.8487299317,USDC减少 + 现货增加，疑似买入,BASED $2.37M 数量Δ=3.32K @ 716.18,-,BASED $2.37M 数量Δ=3.32K @ 716.18,现货买入BASED $2.37M 数量Δ=3.32K @ 716.18,-,MEGA多 2x $17.77K isolated 强平距=+31.92% 低杠杆长期型；ETH多 25x $15.75K cross 极高杠杆短线型；PURR空 3x $12.86K cross 强平距=+240.62% 低杠杆长期型,BASED $10.40M 数量=14.52K；PURR $12.89K 数量=154.14K；MAX $6.13 数量=0.938515
0xf86149475b49bdb11cd8b27c38ae11a1569fbbdc,smart_money,26526.673821000033,-2319929.203539133,USDC增加 + 现货减少，疑似卖出/转现金,-,-,-,-,-,LIT空 5x $236.60K cross 强平距=+56.08% 中杠杆趋势型；HYPE空 6x $188.54K cross 强平距=+72.56% 中高杠杆型；NEAR空 10x $146.91K cross 强平距=+92.80% 高杠杆短线型,NEKO $207.27M 数量=3.50K；LATINA $10.43K 数量=10.43K；VAULT $0.18 数量=4.65506
0x8250a7f9fca9c33e68eead8c05c1d58c8fd70d13,smart_money,24940.143245999934,-2321422.9683161974,USDC增加 + 现货减少，疑似卖出/转现金,-,-,-,-,-,-,NEKO $207.27M 数量=3.50K；MAX $799.71K 数量=122.44K；WOW $36.33K 数量=568.229
0xbd9c944dcfb31cd24c81ebf1c974d950f44e42b8,money_printer,3067.776865000007,-2337228.4686557353,USDC增加 + 现货减少，疑似卖出/转现金,-,-,-,-,-,BTC空 4x $272.59K cross 强平距=+43.83% 中杠杆趋势型；HYPE空 10x $47.40K cross 强平距=+243.90% 高杠杆短线型,NEKO $207.27M 数量=3.50K；MAX $8.41M 数量=1.29M；BRIDGE $2.93M 数量=729.59
0x8bcf7a888c66f635ac4a2caf42a8dd12a3b20b14,money_printer,-11854.86338099977,-2319929.2023087144,USDC减少，疑似资金流出/买入,-,-,-,-,-,HYPE空 3x $1.28M cross 强平距=+247.25% 低杠杆长期型,NEKO $207.27M 数量=3.50K；HYPE $2.19K 数量=24.00K；POINTS $978.87 数量=297.02K
0xcac1f1c3e4599e044dc2a9d38a9b6ef1af1bdae8,money_printer,-10778.134587379987,-2319929.203316152,USDC减少，疑似资金流出/买入,-,-,-,-,-,HYPE空 10x $1.53M cross 强平距=+12.92% 高杠杆短线型；BTC多 40x $266.73K cross 强平距=+79.51% 极高杠杆短线型,NEKO $207.27M 数量=3.50K；HYPE $182.74 数量=2.00K；LICKO $60.29 数量=538.264
0xed48b856556a69c7c40229c9c4c829b909257c9b,money_printer,10864.332744000014,-2319765.3431022763,USDC增加 + 现货减少，疑似卖出/转现金,-,-,-,-,-,ETH空 20x $2.67M cross 强平距=+95.22% 极高杠杆短线型,NEKO $207.27M 数量=3.50K；WOW $36.27K 数量=567.245；LATINA $25.05K 数量=25.05K
0x45974824c1c4e4d797aa8d057a5499b46cdefe33,money_printer,7721.789101000002,-2322366.9929700196,USDC增加 + 现货减少，疑似卖出/转现金,-,-,-,-,-,HYPE空 10x $128.21K cross 强平距=+188.94% 高杠杆短线型；BTC多 40x $118.44 cross 极高杠杆短线型,NEKO $207.27M 数量=3.50K；MAX $1.19M 数量=182.46K；WOW $33.08K 数量=517.379
0xaf0fdd39e5d92499b0ed9f68693da99c0ec1e92e,money_printer,-5347.094252999872,-2322469.8590949774,USDC减少，疑似资金流出/买入,-,-,-,-,-,SOL多 20x $7.31M cross 强平距=+62.72% 极高杠杆短线型；ETH空 20x $5.48M cross 强平距=+79.95% 极高杠杆短线型；HYPE空 5x $1.62M cross 强平距=+263.46% 中杠杆趋势型,NEKO $207.27M 数量=3.50K；PURR $198.32K 数量=2.37M；WOW $170.92K 数量=2.67K
0x4fe53e953f1ff4454d144cb6f4fee3f2ca9363fe,smart_money,7828.226489640016,-2319922.572858602,USDC增加 + 现货减少，疑似卖出/转现金,-,-,-,-,-,HYPE多 10x $1.99M cross 强平距=+44.02% 高杠杆短线型,NEKO $207.27M 数量=3.50K；WOW $1.52K 数量=23.7659；HYPE $1.37K 数量=15.00K
0x11e145d11145793fc99697612ab4e7cdcfe9c5fb,smart_money,0.0,-2327175.599651903,现货变化,-,-,-,-,-,-,NEKO $207.27M 数量=3.50K；MAX $3.51M 数量=536.77K；LUCKY $587.49 数量=4.40K
0xeda73c9fa6a90cea2bcc5529e9e12c012e13655b,smart_money,-5433.772419999994,-2319686.816807598,USDC减少，疑似资金流出/买入,-,-,-,-,-,-,NEKO $207.27M 数量=3.50K；WOW $76.83K 数量=1.20K；MAX $44.95K 数量=6.88K
0xb0fbfefc6c325964d0ffc3f909bdda80b8421326,money_printer,-4797.707574,-2319929.2152259946,USDC减少，疑似资金流出/买入,-,-,-,-,-,HYPE空 10x $1.08M cross 强平距=+37.63% 高杠杆短线型；XPL空 10x $195.73K cross 强平距=+203.67% 高杠杆短线型；ETH空 25x $192.72K cross 强平距=+215.61% 极高杠杆短线型,NEKO $207.27M 数量=3.50K；LICKO $26.95 数量=240.662；MAX $5.68 数量=0.87
0x056590f16d5b314a132bbcfb1283fec5d5c6e670,smart_money,0.0,-2324547.854645878,现货变化,-,-,-,-,-,-,NEKO $207.27M 数量=3.50K；MAX $2.23M 数量=342.12K；HYPE $175.53 数量=1.92K
0x860b15d380b19ca3d37ea7c3af0e2bb26b420c27,smart_money,-3886.734612,-2320158.423673451,USDC减少，疑似资金流出/买入,-,-,-,-,-,TRUMP空 5x $1.67M cross 强平距=+14.79% 中杠杆趋势型,NEKO $207.27M 数量=3.50K；MAX $110.90K 数量=16.98K；LICKO $6.82 数量=60.8887
0xe113311f35a53b196c0ab3ed31ad0bf937cc5c07,money_printer,1833.8502254700288,-2321176.6512203217,USDC增加 + 现货减少，疑似卖出/转现金,-,-,-,-,-,BTC空 40x $249.28K cross 强平距=+165.88% 极高杠杆短线型；HYPE空 10x $163.02K cross 强平距=+244.15% 高杠杆短线型；PURR空 3x $23.38K cross 强平距=+1531.61% 低杠杆长期型,NEKO $207.27M 数量=3.50K；PURR $65.03K 数量=777.59K；LICKO $392.07 数量=3.50K
0x9c972d06eceee9dc08e2d295742d2045f8e54fa2,smart_money,0.0,-2320756.2331660986,现货变化,-,-,-,-,-,-,NEKO $207.27M 数量=3.50K；MAX $400.12K 数量=61.26K；LATINA $65.86K 数量=65.86K
0x6cd520c1a07c9b53b33d62d04d3c2a3175161968,smart_money,-200.80462700000498,-2319936.551133275,USDC减少，疑似资金流出/买入,-,-,-,-,-,PUMP多 5x $64.85K cross 中杠杆趋势型,NEKO $207.27M 数量=3.50K；MAX $3.53K 数量=540.909；BASED $116.46 数量=0.162612
0x1044566e87c868cf9a642eb9809d70a0fc0af997,smart_money,0.0,-2319957.5426022112,现货变化,-,-,-,-,-,-,NEKO $207.27M 数量=3.50K；LATINA $67.85K 数量=67.85K；MAX $13.71K 数量=2.10K
0x8e80c4b533dd977cf716b5c24fd9223129272804,money_printer,0.0,-2319954.463072568,现货变化,-,-,-,-,-,BTC多 10x $1.54K cross 强平距=+72.08% 高杠杆短线型,NEKO $207.27M 数量=3.50K；LATINA $13.49K 数量=13.49K；MAX $12.22K 数量=1.87K
0x7dd6af227362f4115e060f39c00791ffcf4230d8,money_printer,20.58742200001143,-2319929.203539133,USDC增加 + 现货减少，疑似卖出/转现金,-,-,-,-,-,HYPE空 10x $160.31K cross 强平距=+63.90% 高杠杆短线型；XRP空 20x $33.30K cross 强平距=+314.03% 极高杠杆短线型；SOL空 20x $31.06K cross 强平距=+337.92% 极高杠杆短线型,NEKO $207.27M 数量=3.50K；LICKO $39.17 数量=349.708；NEIRO $1.98 数量=76.1912
0xe71e9636e31b838af0a3c38b3f3449cdc2b7aa87,smart_money,0.0,-2319929.212859899,现货变化,-,-,-,-,-,-,NEKO $207.27M 数量=3.50K；UDZ $25.22 数量=83.98K；MAX $4.51 数量=0.690427
0x92033525c11d06155dfbc89aea9e22a0637d06cf,smart_money,0.0,-2319908.6595582664,现货变化,-,-,-,-,-,-,NEKO $207.27M 数量=3.50K；WOW $4.71K 数量=73.6343；LICKO $271.48 数量=2.42K
0x42351635d3e18bebbed4d119da64607d765ae877,smart_money,0.0,-2319862.9752103686,现货变化,-,-,-,-,-,-,NEKO $207.27M 数量=3.50K；WOW $24.43K 数量=382.185；MAX $19.56K 数量=2.99K
0xf2500dbc34617daf22b5186a1bfb9f5f3a33ae13,smart_money,0.0,-2298065.383022785,现货变化,-,-,-,-,-,-,MAX $1.11B 数量=170.23M；HYPE $0.00 数量=0.00652091
0xecb63caa47c7c4e77f60f1ce858cf28dc2b82b00,money_printer,-1612761.07428235,-649753.3602001294,USDC减少，疑似资金流出/买入,USDT0 $27.34K 数量Δ=194.03K @ 0.14089；USOL $1.78K 数量Δ=1.94K @ 0.92018；UXPL $38.74K 数量Δ=22.59K @ 1.715,UBONK -$36.13K 数量Δ=-14.31M @ 0.002524；UPUMP -$680.48K 数量Δ=-6.21M @ 0.10951,USDT0 $27.34K 数量Δ=194.03K @ 0.14089；UBONK -$36.13K 数量Δ=-14.31M @ 0.002524；USOL $1.78K 数量Δ=1.94K @ 0.92018；UPUMP -$680.48K 数量Δ=-6.21M @ 0.10951；UXPL $38.74K 数量Δ=22.59K @ 1.715,现货卖出UPUMP -$680.48K 数量Δ=-6.21M @ 0.10951,-,BTC多 20x $11.89M cross 极高杠杆短线型；SOL空 20x $10.19M cross 强平距=+224.15% 极高杠杆短线型；ETH空 15x $8.74M cross 强平距=+261.81% 高杠杆短线型,UBONK $44.48M 数量=17621.33M；UPUMP $12.39M 数量=113.17M；UXPL $2.03M 数量=1.18M
0x5f1055597a652a50c67e62bcf2912dc621bfd49d,smart_money,1638.3832460000122,-2244504.093474865,USDC增加 + 现货减少，疑似卖出/转现金,-,-,-,-,-,HYPE多 5x $384.63K cross 强平距=+31.48% 中杠杆趋势型；SUI多 5x $114.56K cross 中杠杆趋势型,MAX $1.09B 数量=166.26M；USDH $13.48 数量=215.953
0x95fde6cf0d305078b7eeac44182a931c169dd947,money_printer,1484.3971210001037,-2029138.851330042,USDC增加 + 现货减少，疑似卖出/转现金,-,-,-,-,-,ETH空 20x $208.99K cross 强平距=+620.41% 极高杠杆短线型；ZEC多 5x $3.85 cross 中杠杆趋势型,MAX $981.70M 数量=150.31M；HYPE $1.37K 数量=15.03K；STAR $0.12 数量=95.4089
0x6fbb33de5f39c690d2decb95b9ab46ed0c83e3bc,smart_money,-12913.28442599997,-1998177.548465252,USDC减少，疑似资金流出/买入,-,-,-,-,-,BTC多 10x $1.19M cross 强平距=+22.28% 高杠杆短线型,MAX $966.72M 数量=148.01M；UZEC $3.54 数量=166.77；UBTC $0.00 数量=1.4558
0x7f583a47e00701d257ac873c80eb5326fec69e56,smart_money,-6429.786680000019,-1985686.1159802377,USDC减少，疑似资金流出/买入,-,-,-,-,-,-,NEKO $177.44M 数量=3.00K；BASED $815.34K 数量=1.14K；MAX $47.79K 数量=7.32K
0x8838d88514dc65fcdc24b63eb608636d406020a5,smart_money,0.0,-1986000.0000248253,现货变化,-,-,-,-,-,-,NEKO $177.44M 数量=3.00K；H $145.70 数量=8.09K；LICKO $25.12 数量=224.31
0x8a0cd16a004e21e04936a0a01c6f5a49ff937914,smart_money,0.0,-1915253.3434438705,现货变化,-,-,-,-,-,-,MAX $926.60M 数量=141.87M；KNTQ $1.74M 数量=48.28K；LATINA $20.20K 数量=20.20K
0x643b713c5c6b86f74c0bbd77d0fe257acc772801,money_printer,0.0,-1914468.0688745975,现货变化,-,-,-,-,-,-,MAX $926.42M 数量=141.84M；WOW $111.46K 数量=1.74K；LATINA $48.23K 数量=48.23K
0xdcac85ecae7148886029c20e661d848a4de99ce2,smart_money,-50000.0,-1843181.7036854625,USDC减少，疑似资金流出/买入,-,-,-,-,-,-,NEKO $165.98M 数量=2.81K；MAX $8.27M 数量=1.27M；WOW $2.80M 数量=43.86K
0x71dfc07de32c2ebf1c4801f4b1c9e40b76d4a23d,money_printer,82467.41085500084,-1772454.5657595396,USDC增加 + 现货减少，疑似卖出/转现金,-,-,-,-,-,ZEC空 10x $2.26M cross 强平距=+219.34% 高杠杆短线型；ETH空 2x $222.28K cross 强平距=+2291.41% 低杠杆长期型；LIT空 2x $112.70K cross 强平距=+4210.25% 低杠杆长期型,MAX $857.51M 数量=131.29M；BRIDGE $265.59K 数量=66.04；LATINA $15.12K 数量=15.12K
0x4e23288cee4960f9f962195c22948e4bc7ae20c3,money_printer,1726053.4443970025,-82571.3292497024,USDC增加 + 现货减少，疑似卖出/转现金,-,-,-,-,-,HYPE多 10x $78.62K cross 高杠杆短线型；WLD多 10x $3.59K cross 高杠杆短线型；NEAR多 10x $1.32K cross 高杠杆短线型,MAX $39.95M 数量=6.12M；XAUT0 $204.32 数量=756.745；HYPE $34.25 数量=374.917
0x31dea2516beee92135b96f464eeec3cf292a13f2,money_printer,-17674.40350707993,-1694980.0174559355,USDC减少，疑似资金流出/买入,-,-,-,-,-,BTC多 20x $739.81K cross 极高杠杆短线型；ETH多 20x $509.39K cross 极高杠杆短线型；BNB空 10x $219.30K cross 强平距=+5160.50% 高杠杆短线型,MAX $820.10M 数量=125.56M；KNTQ $131.49K 数量=3.66K；WOW $30.14K 数量=471.489
0x81d4163289cf61a0eaaac4862cb88ef0f4215c29,smart_money,-11911.645426000003,-1686109.0792050362,USDC减少，疑似资金流出/买入,-,-,-,-,-,BTC多 10x $1.19M cross 强平距=+31.13% 高杠杆短线型,MAX $815.74M 数量=124.90M；UBTC $0.00 数量=1.45163；HYPE $0.00 数量=5e-08
0x53b63a30a688beb53b5dc7bd731c661d678c555c,smart_money,1671564.01954031,-2402.11739652,USDC增加 + 现货减少，疑似卖出/转现金,-,HYPE -$2.40K 数量Δ=-26.30K @ 0.091342,HYPE -$2.40K 数量Δ=-26.30K @ 0.091342,-,平空HYPE 10x $1.69M 强平距=+37.29%,-,USDH $0.00 数量=0.0423997；HYPE $0.00 数量=0.00015057
0x2ac4880624dae9e823874d65e43bfeba97fc61b5,smart_money,543.9495430000243,-1655373.118078947,USDC增加 + 现货减少，疑似卖出/转现金,-,-,-,-,-,BTC空 5x $59.16K cross 强平距=+495.27% 中杠杆趋势型；MET多 1x $12.25K cross 低杠杆长期型；NEAR空 10x $8.35K cross 强平距=+3382.70% 高杠杆短线型,MAX $800.88M 数量=122.62M；WOW $7.12K 数量=111.374；LICKO $46.86 数量=418.369
0x349bd094209d50280dfaca12779576c748395c15,money_printer,1886.0349069999647,-1644173.3397208452,USDC增加 + 现货减少，疑似卖出/转现金,-,-,-,-,-,TRX多 10x $257.94K cross 高杠杆短线型；PUMP多 10x $85.02K cross 高杠杆短线型；XMR空 5x $55.45K cross 强平距=+483.36% 中杠杆趋势型,MAX $794.44M 数量=121.64M；UPUMP $2.40M 数量=21.92M；PURR $142.88K 数量=1.71M
0x9e8b1e51c642f4c8b87c6ba11c53d516a218afc4,money_printer,-272488.93195300177,-1352149.6080377102,USDC减少，疑似资金流出/买入,-,-,-,-,-,-,MAX $654.17M 数量=100.16M；LATINA $1.59 数量=1.5891；HFUN $0.05 数量=0.00457203
0xd8c5228c515db3043dfa0c8cd6f22450ee9a99b0,money_printer,-240442.48035899922,-1359193.0139120817,USDC减少，疑似资金流出/买入,-,-,-,-,-,-,MAX $657.58M 数量=100.68M；HYPE $0.00 数量=0.00849205
0x8cc94dc843e1ea7a19805e0cca43001123512b6a,money_printer,193046.6572639998,-1381638.3095231056,USDC增加 + 现货减少，疑似卖出/转现金,-,-,-,-,-,ETH空 25x $7.84M cross 强平距=+51.31% 极高杠杆短线型；BTC空 40x $4.15M cross 强平距=+97.59% 极高杠杆短线型；SOL空 20x $991.33K cross 强平距=+404.27% 极高杠杆短线型,MAX $668.50M 数量=102.35M；WOW $28.09K 数量=439.383；LATINA $20.12K 数量=20.12K
0x17c3c8fdbcb7d1b240ce08965e09b1fc91cba868,money_printer,0.0,-1573538.446465373,现货变化,-,-,-,-,-,NEAR多 3x $410.04K cross 低杠杆长期型；BTC多 3x $250.05K cross 低杠杆长期型；HYPE多 3x $182.27K cross 低杠杆长期型,MAX $761.28M 数量=116.56M；UPUMP $13.18K 数量=120.37K；LATINA $10.43K 数量=10.43K
0x757bb286acc54032172594e2ae11f02442d7c6ea,smart_money,0.0,-1542526.195482254,现货变化,-,-,-,-,-,-,MAX $746.27M 数量=114.26M；HYPE $1.04K 数量=11.43K；LICKO $21.65 数量=193.307
0xbb97757984fa4408c13bd3b4a9189f520bf317d3,money_printer,-4064.1257890000124,-1527802.3448559046,USDC减少，疑似资金流出/买入,-,-,-,-,-,AERO空 3x $25.39K cross 强平距=+104.63% 低杠杆长期型,MAX $739.15M 数量=113.17M；HYPE $0.00 数量=0.00841924
0xae2445cdc416b6a70bbf84a8678a13ea6003e7f8,smart_money,-244.56434100000115,-1530554.9534591734,USDC减少，疑似资金流出/买入,-,-,-,-,-,BTC多 40x $29.65K cross 强平距=+33.94% 极高杠杆短线型,NEKO $135.49M 数量=2.29K；MAX $6.81M 数量=1.04M；LATINA $16.36K 数量=16.36K
0x5405450cae1b86581f017d1c35ad954d8703f802,money_printer,-110217.64874300011,-1372695.142595172,USDC减少，疑似资金流出/买入,-,-,-,-,-,-,MAX $664.11M 数量=101.68M；HYPE $928.68 数量=10.17K
0xa6ee1ed1ae80b8352603654b39f5e7b9bedd5078,money_printer,1455910.0286188803,0.0,USDC增加，疑似资金回流,-,-,-,-,新开空ETH 25x -$23.48M 强平距=+6.02%,ETH空 25x $23.48M cross 强平距=+6.02% 爆仓边缘型；MON空 5x $241.17K cross 强平距=+543.88% 中杠杆趋势型,HYPE $456.57 数量=5.00K；UETH $0.00 数量=0.00319165
0x2fcb6898d5a0623de19c3691904927685014c4d8,money_printer,17151.23736799974,-1420103.0203902721,USDC增加 + 现货减少，疑似卖出/转现金,-,-,-,-,-,WLD空 10x $489.71K cross 强平距=+447.05% 高杠杆短线型；NEAR空 10x $45.74K cross 强平距=+4829.94% 高杠杆短线型；MET空 3x $8.63K cross 强平距=+22836.53% 低杠杆长期型,MAX $687.05M 数量=105.19M；HYPE $0.00 数量=4.5e-07
0x91a9cadcd7e36cbe8ff604cb634307d7b7643f70,money_printer,-27717.670918140095,-1385101.860638976,USDC减少，疑似资金流出/买入,-,-,-,-,-,HYPE空 4x $2.26M cross 强平距=+74.55% 中杠杆趋势型；ETH空 4x $939.30K cross 强平距=+185.07% 中杠杆趋势型,MAX $670.11M 数量=102.60M；HYPE $1.62K 数量=17.70K
0x8aa077f5998d234ac8641d73d6bc4976e2a210fc,smart_money,8856.630531999981,-1398480.7051813602,USDC增加 + 现货减少，疑似卖出/转现金,-,-,-,-,-,BTC多 20x $133.08K cross 极高杠杆短线型；ETH多 20x $97.74K cross 极高杠杆短线型；SOL多 20x $92.97K cross 极高杠杆短线型,MAX $676.65M 数量=103.60M；WOW $48.90K 数量=764.872；LATINA $36.08K 数量=36.08K
0x6355f7cf36b24044cd5b089a845113327d0ee58e,money_printer,0.0,-1391277.924286604,现货变化,-,-,-,-,-,-,MAX $673.10M 数量=103.06M；HYPE $0.02 数量=0.219199
0x81dd236893b50383256aee3ccd6ded98fdd155b6,smart_money,431.8632890000008,-1384616.7328035831,USDC增加 + 现货减少，疑似卖出/转现金,-,-,-,-,-,PAXG空 3x $47.43K isolated 强平距=+49.54% 低杠杆长期型；MNT空 5x $7.60K cross 强平距=+6347.53% 中杠杆趋势型；SEI空 5x $6.52K cross 强平距=+7712.59% 中杠杆趋势型,MAX $669.88M 数量=102.56M；LICKO $46.31 数量=413.476；LQNA $8.42 数量=4
0x72655b3926db3afbe914a53b0604905af7ce11a5,money_printer,0.0,-1385023.5375903845,现货变化,-,-,-,-,-,-,MAX $670.07M 数量=102.59M；UETH $0.00 数量=0.115009；HYPE $0.00 数量=6e-07
0xa5ee12ffed6a53622c11ea5f678ccea19b8b243f,smart_money,0.0,-1383703.6396625042,现货变化,-,-,-,-,-,-,MAX $669.44M 数量=102.50M；WOW $1.66K 数量=25.9689；MEOW $0.29 数量=21.7551
0xbfc79c444c41a74516bf31237ebf586a231480b4,money_printer,545.8535510000074,-1383046.3402587175,USDC增加 + 现货减少，疑似卖出/转现金,-,-,-,-,-,UNI空 10x $46.80K cross 强平距=+1402.85% 高杠杆短线型；NEAR空 10x $36.45K cross 强平距=+1799.43% 高杠杆短线型；STBL空 3x $12.45K cross 强平距=+4747.30% 低杠杆长期型,MAX $669.12M 数量=102.45M；LATINA $20.12K 数量=20.12K；STRICT $85.50 数量=659.126
0x5647249079e257329ecb6f46ed41821d3c69e7de,money_printer,0.0,-1383398.5063573122,现货变化,-,-,-,-,-,NEAR空 10x $1.08M cross 强平距=+219.33% 高杠杆短线型；LIT空 5x $717.70K cross 强平距=+319.56% 中杠杆趋势型；XPL空 10x $583.05K cross 强平距=+404.20% 高杠杆短线型,MAX $669.29M 数量=102.47M；LATINA $20.13K 数量=20.13K；LICKO $24.62 数量=219.798
0xbe19541903f64af97bcf8436f4d15bf3a56b8bd1,money_printer,5385.738652000204,-1373301.0861165524,USDC增加 + 现货减少，疑似卖出/转现金,-,-,-,-,-,WLFI空 5x $726.11K cross 强平距=+550.83% 中杠杆趋势型；MEGA空 3x $504.93K cross 强平距=+750.95% 低杠杆长期型；ASTER空 3x $476.85K cross 强平距=+836.37% 低杠杆长期型,MAX $664.40M 数量=101.73M；UETH $0.00 数量=1.99912；HYPE $0.00 数量=4e-08
0x32dfc80aba2b7f2c5ad6b2f9a84cd615a6c380e8,smart_money,0.0,-1377778.961283207,现货变化,-,-,-,-,-,-,MAX $666.57M 数量=102.06M；LATINA $60.07K 数量=60.07K；LICKO $168.83 数量=1.51K
0x1a6132837f1857196677f06515041bb817affe9e,smart_money,-1485.017657000004,-1371417.5508143902,USDC减少，疑似资金流出/买入,-,-,-,-,-,XPL多 3x $128.46K isolated 强平距=+34.55% 低杠杆长期型,MAX $663.49M 数量=101.59M；LATINA $21.61K 数量=21.61K；HYPE $456.72 数量=5.00K
0x2025137a136bea7446deba681cbfc7cf1970840e,money_printer,0.0,-1371990.6945233345,现货变化,-,-,-,-,-,PAXG多 10x $204.72K cross 高杠杆短线型；SPX多 5x $50.01K cross 中杠杆趋势型；APT多 10x $22.15K cross 高杠杆短线型,MAX $664.59M 数量=101.75M；UPUMP $4.64M 数量=42.36M；PUP $161.47K 数量=1.64M
0xaa2a33c424b92cdc042e40c522cb48e586e83026,smart_money,-1664.7324549999903,-1370301.5782516003,USDC减少，疑似资金流出/买入,-,-,-,-,-,HYPE空 5x $958.29K cross 强平距=+46.43% 中杠杆趋势型；ETH空 5x $152.60K cross 强平距=+301.50% 中杠杆趋势型,MAX $662.95M 数量=101.50M；HYPE $0.00 数量=9e-08
0xac7bbfed474127e8683320421264d403fd2155f9,money_printer,0.0,-1371549.035757184,现货变化,-,-,-,-,-,SOL空 20x $315.71K cross 强平距=+141.73% 极高杠杆短线型,MAX $663.56M 数量=101.60M；LICKO $24.54 数量=219.147；HYPE $0.00 数量=0.00681554
0xca4903c207a0df58bf37d4bc8bbc5210726f53c8,money_printer,0.0,-1371120.3910404444,现货变化,-,-,-,-,-,SOL空 20x $6.32M cross 强平距=+77.09% 极高杠杆短线型；BTC空 40x $4.02M cross 强平距=+122.57% 极高杠杆短线型；ETH多 25x $2.92M cross 极高杠杆短线型,MAX $663.35M 数量=101.56M
0xf28e1b06e00e8774c612e31ab3ac35d5a720085f,money_printer,0.0,-1367904.6797437668,现货变化,-,-,-,-,-,HYPE空 10x $1.59M cross 强平距=+303.99% 高杠杆短线型；NEAR空 10x $1.17M cross 强平距=+412.19% 高杠杆短线型；LIT空 5x $1.08M cross 强平距=+431.67% 中杠杆趋势型,MAX $661.79M 数量=101.33M；KNTQ $229.66K 数量=6.39K；USDT0 $19.44 数量=137.975
0x645b2eeaa0a46df3c4211bebda1b2c7703e287b8,money_printer,0.0,-1367010.0890284777,现货变化,-,-,-,-,合约空单变化HYPE 3x -$1.22M 强平距=+55.01%,HYPE空 3x $23.98M cross 强平距=+55.01% 低杠杆长期型；ETH多 20x $3.75M cross 极高杠杆短线型；ASTER空 5x $704.79K cross 强平距=+1877.90% 中杠杆趋势型,MAX $661.36M 数量=101.26M；HYPE $13.43K 数量=147.03K
0x98785f2a43fe32f972476b86ed5a5cfaf5240f00,smart_money,5840.47311466001,-1359809.6432170868,USDC增加 + 现货减少，疑似卖出/转现金,-,-,-,-,-,-,MAX $657.54M 数量=100.68M；PURR $41.83K 数量=500.13K；HYPE $913.42 数量=10.00K
0x294fd17c700331aad5cc480400050e1005d2c531,smart_money,0.0,-1363484.8951779604,现货变化,-,-,-,-,-,-,MAX $660.33M 数量=101.10M；KNTQ $370.41K 数量=10.30K；WOW $339.27K 数量=5.31K
0x8fbb1aad00013c4e32bb033337b7cb792ab2fc4e,smart_money,-6949.986315999995,-1354621.3608361483,USDC减少，疑似资金流出/买入,-,-,-,-,-,HYPE空 10x $512.33K cross 强平距=+47.15% 高杠杆短线型；ETH多 10x $391.05K cross 强平距=+66.02% 高杠杆短线型,MAX $655.37M 数量=100.34M
0x3286cd2bd1b67afbcbb6988bebd50229120092e1,smart_money,700.9133259999799,-1360661.7591112852,USDC增加 + 现货减少，疑似卖出/转现金,-,-,-,-,-,-,MAX $658.29M 数量=100.79M；LICKO $37.56 数量=335.384；LATINA $0.74 数量=0.7445
0x59319c81c0cf3d02e3b68996c2dfe47308a006dc,smart_money,0.0,-1360361.4537670612,现货变化,-,-,-,-,-,-,MAX $658.14M 数量=100.77M；LICKO $90.35 数量=806.718；NEIRO $17.57 数量=676.038
0x352deb23bebae8b4c57d0ae341d9c1951fd8425a,smart_money,4296.430612000011,-1355745.5572081804,USDC增加 + 现货减少，疑似卖出/转现金,-,-,-,-,-,BTC空 40x $312.31K cross 强平距=+33.07% 极高杠杆短线型；ZEC空 10x $33.68K cross 强平距=+296.19% 高杠杆短线型；TRUMP多 10x $31.42K cross 高杠杆短线型,MAX $655.91M 数量=100.43M；LICKO $31.72 数量=283.214；TIME $1.47 数量=603.448
0xd4c1f7e8d876c4749228d515473d36f919583d1d,money_printer,0.0,-1356078.0757091045,现货变化,-,-,-,-,-,BTC多 12x $3.95M cross 强平距=+51.06% 高杠杆短线型；HYPE空 10x $1.43M cross 强平距=+132.95% 高杠杆短线型；ETH多 12x $1.09M cross 高杠杆短线型,MAX $656.07M 数量=100.45M；LATINA $10.43K 数量=10.43K；LICKO $24.57 数量=219.346
0x656c54089502d4ab36a35166b514ec761c33f4b7,smart_money,0.0,-1355540.32184124,现货变化,-,-,-,-,-,-,MAX $655.81M 数量=100.41M；UBTC $0.00 数量=0.00673325；HYPE $0.00 数量=2e-08
0x89abe626dc7f010138bc08e0100f1e4e13c30d32,money_printer,0.0,-1355280.332761407,现货变化,-,-,-,-,-,-,MAX $655.68M 数量=100.39M；HYPE $0.00 数量=0.00443076
0xccf135ab352d561a15eb7be2a243cc4fcb7f0ab1,money_printer,-3787.352253179997,-1350057.7991880178,USDC减少，疑似资金流出/买入,-,-,-,-,-,HYPE空 10x $768.06K cross 强平距=+92.14% 高杠杆短线型,MAX $653.16M 数量=100.00M；HYPE $1.10K 数量=12.00K；USDH $0.01 数量=0.19558
0xfe7ce058edc7cfcde9ef8262ba51f8d4796ab7ae,money_printer,0.0,-1351107.214339614,现货变化,-,-,-,-,-,NEAR空 10x $5.79M cross 强平距=+50.96% 高杠杆短线型；ZRO空 5x $63.86K cross 强平距=+4397.21% 中杠杆趋势型；AZTEC空 3x $30.90K cross 强平距=+8583.77% 低杠杆长期型,MAX $653.67M 数量=100.08M
0x656c8da58d738295e03550796dd83900aa7c6525,money_printer,0.0,-1350747.9334402084,现货变化,-,-,-,-,-,-,MAX $653.59M 数量=100.07M；KNTQ $5.03M 数量=139.96K；WOW $47.76K 数量=747.104
0x0266a2451f715276eab4d1a0d6abece0b475af5f,smart_money,0.0,-1350732.8587913513,现货变化,-,-,-,-,-,-,MAX $653.48M 数量=100.05M；LICKO $26.00 数量=232.143；LATINA $2.59 数量=2.5853
0xf3f496c9486be5924a93d67e98298733bb47057c,money_printer,0.0,-1322581.4997980595,现货变化,-,-,-,-,-,-,MAX $639.86M 数量=97.97M；LAUNCH $0.17 数量=101；CATBAL $0.08 数量=0.1
0x9dcf1c87b82a35519a430457c1157f21e68f302d,money_printer,-1315310.6711600013,0.0,USDC减少，疑似资金流出/买入,-,-,-,-,-,-,-
0xb5101614ad71468a041a83e64d8b834aa17a1ed6,smart_money,1959.1969640000025,-1225217.9220154285,USDC增加 + 现货减少，疑似卖出/转现金,-,-,-,-,-,HYPE多 10x $447.13K cross 强平距=+22.60% 高杠杆短线型,MAX $592.76M 数量=90.76M；HYPE $819.62 数量=8.97K；VAULT $0.54 数量=13.8328
0x577a00a0ee907ee481791049477a3c1fa1470568,smart_money,64785.619789520046,-1136068.83893013,USDC增加 + 现货减少，疑似卖出/转现金,-,-,-,-,-,HYPE多 10x $704.75K cross 强平距=+88.08% 高杠杆短线型,MAX $549.58M 数量=84.15M；HYPE $457.46 数量=5.01K；LICKO $141.79 数量=1.27K
0x000461a73d3985eef4923655782aa5d0de75c111,smart_money,0.0,-1158314.8116978407,现货变化,-,-,-,-,-,-,MAX $560.43M 数量=85.81M；HFUN $19.20K 数量=1.95K；JEFF $11.49K 数量=4.43K
0xd47587702a91731dc1089b5db0932cf820151a91,money_printer,566080.7715520039,-585427.7464734316,USDC增加 + 现货减少，疑似卖出/转现金,-,-,-,-,-,HYPE空 5x $30.06M cross 强平距=+48.46% 中杠杆趋势型；WLD空 10x $2.00M cross 强平距=+754.06% 高杠杆短线型；LIT空 3x $1.18M cross 强平距=+1229.97% 低杠杆长期型,MAX $283.23M 数量=43.37M；UPUMP $981.94 数量=8.97K；UXPL $0.38 数量=0.219946
0x373753d4a354b34a23d04882a6ee64042f47a189,smart_money,-3493.378362999996,-1105806.5869590044,USDC减少，疑似资金流出/买入,-,-,-,-,-,BTC多 20x $118.49K cross 强平距=+34.48% 极高杠杆短线型；ETH多 20x $117.51K cross 强平距=+35.03% 极高杠杆短线型；LINK多 10x $72.46K cross 强平距=+58.67% 高杠杆短线型,MAX $534.99M 数量=81.91M；LICKO $19.13 数量=170.813；HYPE $0.00 数量=2e-08
0x64dd467d1e5c2cf2be87fea20713159dbc12ca76,smart_money,-1240.3225999999995,-1098238.3449990153,USDC减少，疑似资金流出/买入,-,-,-,-,-,HYPE空 10x $204.75K cross 强平距=+54.95% 高杠杆短线型,MAX $531.34M 数量=81.35M；WOW $8.14K 数量=127.363；LICKO $24.54 数量=219.135
0xa559edb06548fb5d9b2066ec43320e5f9726ff95,smart_money,1202.5206619999371,-1080638.5715338588,USDC增加 + 现货减少，疑似卖出/转现金,-,-,-,-,-,ETH多 20x $469.44K cross 极高杠杆短线型；XPL多 10x $306.45K cross 高杠杆短线型,MAX $522.81M 数量=80.05M；HYPE $731.17 数量=8.00K
0xac487c027ffe32021bbba77e30786f8c8f353201,money_printer,199377.98454000056,-806947.931217432,USDC增加 + 现货减少，疑似卖出/转现金,-,-,-,-,-,ETH空 20x $6.12M cross 强平距=+49.55% 极高杠杆短线型；BTC空 20x $4.16M cross 强平距=+73.33% 极高杠杆短线型；SOL多 20x $464.05K cross 极高杠杆短线型,MAX $389.21M 数量=59.59M；PURR $214.01K 数量=2.56M；CFX0 $91.31K 数量=25.00K
0xaeaab54bbf65bfd6efed7d2eb68372298e3c2416,money_printer,998768.7538719997,0.0,USDC增加，疑似资金回流,-,-,-,-,-,BTC空 20x $71.29M cross 强平距=+14.45% 极高杠杆短线型；ETH空 20x $15.69M cross 强平距=+65.23% 极高杠杆短线型,-
0x041836d6c0617c694b70b57680f45905811076db,smart_money,994277.06077,0.0,USDC增加，疑似资金回流,-,-,-,-,-,-,-
0x91f564e80ed5e98eb22fde0857e1a87047f2df13,smart_money,0.0,-947658.8497083783,现货变化,-,-,-,-,-,-,MAX $458.61M 数量=70.22M；WOW $64.61K 数量=1.01K；LATINA $26.09K 数量=26.09K
0x49e96e255ba418d08e66c35b588e2f2f3766e1d0,money_printer,644088.3063679934,-270022.7356647253,USDC增加 + 现货减少，疑似卖出/转现金,-,-,-,-,-,-,MAX $130.63M 数量=20.00M；UXPL $519.66K 数量=303.01K；PURR $379.69 数量=4.54K
0x3dda84d7ca629758ada7523a694702061538f906,smart_money,0.0,-881899.3507846594,现货变化,-,-,-,-,-,-,MAX $426.66M 数量=65.33M；USDE $0.00 数量=8.44411；HYPE $0.00 数量=0.00764947
0xaf313f5d2d87a40b7b4675f74f29618b5a46928e,smart_money,-2526.574695999996,-873545.8645566106,USDC减少，疑似资金流出/买入,-,-,-,-,-,LIT多 1x $111.87K cross 强平距=+99.33% 低杠杆长期型,MAX $422.62M 数量=64.71M；HYPE $931.10 数量=10.19K；UZEC $11.78 数量=555.066
0xad227f63d34e7251c1d0ab65e64eeea07aee4e44,money_printer,218565.60043706046,-607401.3518077508,USDC增加 + 现货减少，疑似卖出/转现金,-,-,-,-,-,BTC空 40x $17.77M cross 强平距=+19.90% 极高杠杆短线型；ZEC多 10x $3.86M cross 强平距=+97.34% 高杠杆短线型；XPL多 10x $244.60K cross 高杠杆短线型,SWAP $24.18M 数量=268.80K；UPUMP $254.04K 数量=2.32M；UXPL $18.52K 数量=10.80K
0x0048d42f232164a85a41f15ccf26cf859e58b108,smart_money,-1924.59721200075,-815513.1912347078,USDC减少，疑似资金流出/买入,-,-,-,-,-,ALGO多 5x $173.64K cross 中杠杆趋势型,MAX $394.55M 数量=60.41M；HYPE $551.78 数量=6.04K
0x68f80ecef342044f84891641e81b50b5f580b6ad,smart_money,0.0,-810002.0443428159,现货变化,-,-,-,-,-,-,MAX $391.88M 数量=60.00M；LATINA $14.27K 数量=14.27K；HYPE $548.05 数量=6.00K
0xf467b892ddd18b4449e89fcf02a22f23cbf72d1d,smart_money,0.0,-785120.6741733551,现货变化,-,-,-,-,-,-,MAX $379.84M 数量=58.16M；LICKO $12.79 数量=114.188；TIME $1.47 数量=603.448
0x69eb16da29deeac170613a1cacb34227fc15f956,smart_money,-764.8668399999879,-743847.1887139082,USDC减少，疑似资金流出/买入,-,-,-,-,-,HYPE空 3x $175.24K cross 强平距=+30.89% 低杠杆长期型；SOL多 20x $2.11K cross 极高杠杆短线型,MAX $359.89M 数量=55.10M；LATINA $16.86K 数量=16.86K；WOW $10.27K 数量=160.699
0x334ebb44fd8fccb9112983247443dfae5e448887,smart_money,0.0,-730908.6645832062,现货变化,-,-,-,-,-,-,MAX $353.61M 数量=54.14M；HYPE $503.91 数量=5.52K
0x643a1bef23ebe06af0ff69de2074b776ecf799a4,smart_money,0.0,-717889.2118796706,现货变化,-,-,-,-,-,-,MAX $347.33M 数量=53.18M；KNTQ $131.49K 数量=3.66K；LATINA $20.64K 数量=20.64K
0x221284041f07f1e9af30beadbd08bb14f5e5838c,smart_money,0.0,-694777.5458932519,现货变化,-,-,-,-,-,-,MAX $336.13M 数量=51.47M；UPUMP $0.18 数量=1.65929；HYPE $0.00 数量=0.00263503
0x40e494cdd7f6ee95449e06a74b767fb93c3623c5,smart_money,0.0,-690016.2981821299,现货变化,-,-,-,-,-,DOGE空 10x $108.02K cross 强平距=+76.39% 高杠杆短线型；MON空 3x $37.09K isolated 强平距=+134.01% 低杠杆长期型,MAX $333.83M 数量=51.11M；LATINA $16.83K 数量=16.83K；LICKO $10.96 数量=97.8294
0xcf74dc50069e3ee0fddc10bd64e9a68d21126cfe,smart_money,1487.7390149999992,-675155.6952821612,USDC增加 + 现货减少，疑似卖出/转现金,-,-,-,-,-,HYPE多 10x $128.09K cross 强平距=+52.89% 高杠杆短线型；BTC空 20x $24.70K cross 强平距=+257.38% 极高杠杆短线型；ZEC多 10x $18.77K cross 高杠杆短线型,MAX $326.64M 数量=50.01M；HYPE $548.10 数量=6.00K；MEOW $0.07 数量=5.24471
0x1e6db0fdf1a0f6edb78753184eb0fe5485c2eef2,smart_money,331.06715200003237,-673283.7674258351,USDC增加 + 现货减少，疑似卖出/转现金,-,-,-,-,-,-,MAX $325.91M 数量=49.90M；WOW $84.11K 数量=1.32K；HYPE $455.80 数量=4.99K
0x9afb4e4eda99fdeec1343bc7de4108beacec1d70,smart_money,0.0,-670645.5405281186,现货变化,-,-,-,-,-,-,MAX $324.46M 数量=49.68M；KNTQ $3.12M 数量=86.67K；USDH $1.01K 数量=16.23K
0x77640177b7623792e1939c4a2614698e69ec304a,smart_money,0.0,-663677.9013890028,现货变化,-,-,-,-,-,-,BUDDY $398.29M 数量=5.45M；MAX $6.83M 数量=1.05M；PURR $54.65K 数量=653.39K
0xf7b5461d0007ce4b52eaea2f6d2a30cef0fbefff,smart_money,0.0,-655878.4676361158,现货变化,-,-,-,-,-,-,NEKO $58.60M 数量=990.753；HYPE $0.00 数量=0.004
0x4801af178dd07390941931c7e6f82b61a4344a0b,smart_money,6463.776066999999,-640141.8739167303,USDC增加 + 现货减少，疑似卖出/转现金,-,-,-,-,-,BTC多 10x $118.43K cross 强平距=+34.64% 高杠杆短线型；CHIP多 3x $17.71K cross 低杠杆长期型,SWAP $24.11M 数量=267.96K；MAX $16.79M 数量=2.57M；KNTQ $3.60M 数量=100.26K
0xe06532a98a541b48f6330d2dd88e2b4b96010d6b,smart_money,-3631.419351999997,-632544.4034321308,USDC减少，疑似资金流出/买入,-,-,-,-,-,HYPE空 5x $308.27K isolated 强平距=+19.56% 中杠杆趋势型；PURR空 3x $133.16K cross 强平距=+61.36% 低杠杆长期型；BTC空 20x $9.49K cross 强平距=+990.52% 极高杠杆短线型,MAX $304.96M 数量=46.69M；PURR $132.27K 数量=1.58M；USDH $381.42 数量=6.11K
0x082e843a431aef031264dc232693dd710aedca88,money_printer,610807.988327004,-225.50050572751206,USDC增加 + 现货减少，疑似卖出/转现金,-,-,-,-,-,HYPE多 5x $88.36M cross 强平距=+15.63% 中杠杆趋势型,MAX $109.10K 数量=16.70K；UPUMP $0.13 数量=1.2225；HYPE $0.06 数量=0.678666
0xb2139bc97c2dc43f8825d033d08ecb9e2c8be00f,smart_money,-189.16801699999996,-608674.445142448,USDC减少，疑似资金流出/买入,-,-,-,-,-,HYPE多 10x $26.43K cross 强平距=+21.02% 高杠杆短线型,MAX $294.64M 数量=45.11M；WOW $76.52K 数量=1.20K；LATINA $15.50K 数量=15.50K
0x625e239e46d3ad052e23f396de3a569f6fd504e7,money_printer,1.207999999985887e-05,-603938.6298110709,USDC增加 + 现货减少，疑似卖出/转现金,-,-,-,-,-,-,NEKO $53.95M 数量=912.215；MAX $25.33K 数量=3.88K；BRIDGE $2.13K 数量=0.53
0x3e7a0eca8b624b75034ad820fa291425f21f1589,money_printer,603727.8965769997,0.0,USDC增加，疑似资金回流,-,-,-,-,合约空单变化BTC 20x -$8.87M 强平距=+7.16%,BTC空 20x $59.34M cross 强平距=+7.16% 爆仓边缘型；ETH空 20x $15.72M cross 强平距=+26.33% 极高杠杆短线型,-
0x1aa5abfd850012297428b509fb84fcd9f9f995cb,smart_money,1034.4099829999905,-574237.6988622546,USDC增加 + 现货减少，疑似卖出/转现金,-,-,-,-,-,BTC多 20x $591.33K cross 强平距=+34.17% 极高杠杆短线型；HYPE多 7x $475.71K cross 强平距=+44.24% 中高杠杆型；SOL多 20x $73.36K cross 极高杠杆短线型,MAX $277.82M 数量=42.54M；OMNIX $711.77 数量=11.48K；HYPE $291.52 数量=3.19K
0xf9aa2b842eb3b27268d092d465fd186dff95c22e,smart_money,-103.823926,-574946.0839673877,USDC减少，疑似资金流出/买入,-,-,-,-,-,-,MAX $278.16M 数量=42.59M；VAULT $0.11 数量=2.80451；HYPE $0.00 数量=9e-08
0x85101bbcbbf09cd50d299f662448c3ae509592ee,smart_money,0.0,-559313.3290288448,现货变化,-,-,-,-,-,HYPE多 5x $73.94K cross 中杠杆趋势型；JTO多 3x $59.85K cross 低杠杆长期型；AAVE多 5x $51.94K cross 中杠杆趋势型,MAX $270.60M 数量=41.43M；HYPE $377.52 数量=4.13K；PEAR $78.06 数量=143.69K
0x7b51c5d9366077e1b3c1cba383389752f486071b,smart_money,-552953.9510391301,0.0,USDC减少，疑似资金流出/买入,-,-,-,-,-,-,-
0xa8b695817a4054dd278f04746585dea6487e775d,money_printer,0.0,-529882.0976304412,现货变化,-,-,-,-,-,-,MAX $256.36M 数量=39.25M；LATINA $15.65K 数量=15.65K；LICKO $7.75 数量=69.1738
